# Brigantine NWR (NJ) weekly waterfowl counts, USFWS Form NR-1 census sheets.
# Now the Brigantine Division of Edwin B. Forsythe NWR, Oceanville NJ.
# Source: National Archives RG-22, nara-media S3, BRIGANTINE_<year>_NARRATIVEREPORT.
# DUCKS ONLY, teal excluded to match the rest of the anchor cloud; geese, swans,
# coot and brant appear on the form but are not counted here.
# Week 1 begins SEP 1 at this refuge -- verified independently on both sheets of
# 1965: the primary prints 9/1-9/7 first, the continuation prints 11/10-11/16 for
# week 11 (Sep 1 + 70 days) and 12/29-31 for week 18 (Sep 1 + 119 days).
# median_err is the sheet's own per-species 'estimated waterfowl days use' column
# checked against sum(weekly counts)*7; n_cols is how many week columns OCR'd.
season,week,week_start,ducks_teal_excluded,n_cols,median_err
1954,1,1954-09-01,625,10,
1954,2,1954-09-08,625,10,
1954,3,1954-09-15,650,10,
1954,4,1954-09-22,1675,10,
1954,5,1954-09-29,2100,10,
1954,6,1954-10-06,2650,10,
1954,7,1954-10-13,7150,10,
1954,8,1954-10-20,7350,10,
1954,9,1954-10-27,8500,10,
1954,10,1954-11-03,22000,10,
1954,11,1954-11-10,1100,10,
1954,12,1954-11-17,23100,10,
1954,13,1954-11-24,24500,10,
1954,14,1954-12-01,16800,10,
1954,15,1954-12-08,19088,10,
1954,16,1954-12-15,27388,10,
1954,17,1954-12-22,26389,10,
1955,1,1955-09-01,615,9,0.1356
1955,2,1955-09-08,680,9,0.1356
1955,3,1955-09-15,1900,9,0.1356
1955,4,1955-09-22,4900,9,0.1356
1955,5,1955-09-29,7533,9,0.1356
1955,6,1955-10-06,12429,9,0.1356
1955,7,1955-10-13,16907,9,0.1356
1955,8,1955-10-20,7800,9,0.1356
1955,9,1955-10-27,50600,9,0.1356
1955,11,1955-11-10,15900,9,0.1356
1955,12,1955-11-17,17900,9,0.1356
1955,13,1955-11-24,5000,9,0.1356
1955,14,1955-12-01,4250,9,0.1356
1955,15,1955-12-08,3450,9,0.1356
1955,16,1955-12-15,2950,9,0.1356
1955,17,1955-12-22,2960,9,0.1356
1956,1,1956-09-01,1700,10,0.5877
1956,2,1956-09-08,1750,10,0.5877
1956,3,1956-09-15,3350,10,0.5877
1956,4,1956-09-22,5350,10,0.5877
1956,5,1956-09-29,6375,10,0.5877
1956,6,1956-10-06,11560,10,0.5877
1956,7,1956-10-13,17610,10,0.5877
1956,8,1956-10-20,23510,10,0.5877
1956,9,1956-10-27,27600,10,0.5877
1956,10,1956-11-03,31120,10,0.5877
1956,11,1956-11-10,6485,10,0.5877
1956,12,1956-11-17,12120,10,0.5877
1956,13,1956-11-24,3380,10,0.5877
1956,14,1956-12-01,5835,10,0.5877
1956,15,1956-12-08,5585,10,0.5877
1956,16,1956-12-15,4725,10,0.5877
1956,17,1956-12-22,6425,10,0.5877
1957,1,1957-09-01,1835,9,0.1254
1957,2,1957-09-08,5175,9,0.1254
1957,3,1957-09-15,9350,9,0.1254
1957,4,1957-09-22,16125,9,0.1254
1957,5,1957-09-29,25000,9,0.1254
1957,6,1957-10-06,29175,9,0.1254
1957,7,1957-10-13,47000,9,0.1254
1957,8,1957-10-20,49235,9,0.1254
1957,9,1957-10-27,54870,9,0.1254
1957,11,1957-11-10,59600,9,0.1254
1957,12,1957-11-17,70800,9,0.1254
1957,13,1957-11-24,30750,9,0.1254
1957,14,1957-12-01,62025,9,0.1254
1957,15,1957-12-08,43500,9,0.1254
1957,16,1957-12-15,52125,9,0.1254
1957,17,1957-12-22,50,9,0.1254
1958,1,1958-09-01,850,9,0.0769
1958,2,1958-09-08,1700,9,0.0769
1958,3,1958-09-15,4400,9,0.0769
1958,4,1958-09-22,11020,9,0.0769
1958,5,1958-09-29,20260,9,0.0769
1958,6,1958-10-06,38235,9,0.0769
1958,7,1958-10-13,37000,9,0.0769
1958,8,1958-10-20,54300,9,0.0769
1958,9,1958-10-27,60900,9,0.0769
1958,11,1958-11-10,4750,9,0.0769
1958,12,1958-11-17,3350,9,0.0769
1958,13,1958-11-24,2950,9,0.0769
1958,14,1958-12-01,2300,9,0.0769
1958,15,1958-12-08,1250,9,0.0769
1958,16,1958-12-15,900,9,0.0769
1958,17,1958-12-22,2110,9,0.0769
1958,18,1958-12-29,2100,9,0.0769
1959,1,1959-09-01,2750,10,0.0383
1959,2,1959-09-08,4225,10,0.0383
1959,3,1959-09-15,6375,10,0.0383
1959,4,1959-09-22,10450,10,0.0383
1959,5,1959-09-29,20250,10,0.0383
1959,6,1959-10-06,19750,10,0.0383
1959,7,1959-10-13,29350,10,0.0383
1959,8,1959-10-20,63560,10,0.0383
1959,9,1959-10-27,67700,10,0.0383
1959,10,1959-11-03,64700,10,0.0383
1959,11,1959-11-10,70700,10,0.0383
1959,12,1959-11-17,69000,10,0.0383
1959,13,1959-11-24,69000,10,0.0383
1959,14,1959-12-01,65950,10,0.0383
1959,15,1959-12-08,45400,10,0.0383
1959,16,1959-12-15,46200,10,0.0383
1959,17,1959-12-22,41250,10,0.0383
1959,18,1959-12-29,47800,10,0.0383
1961,1,1961-09-01,4251,10,
1961,2,1961-09-08,186,10,
1961,3,1961-09-15,5061,10,
1961,4,1961-09-22,5626,10,
1961,5,1961-09-29,20800,10,
1961,6,1961-10-06,23102,10,
1961,7,1961-10-13,41867,10,
1961,8,1961-10-20,45267,10,
1961,9,1961-10-27,70527,10,
1961,10,1961-11-03,69820,10,
1962,1,1962-09-01,6750,10,0.4789
1962,2,1962-09-08,175,10,0.4789
1962,3,1962-09-15,13550,10,0.4789
1962,4,1962-09-22,17125,10,0.4789
1962,5,1962-09-29,43244,10,0.4789
1962,6,1962-10-06,59160,10,0.4789
1962,7,1962-10-13,82110,10,0.4789
1962,8,1962-10-20,74985,10,0.4789
1962,9,1962-10-27,78337,10,0.4789
1962,10,1962-11-03,73190,10,0.4789
1962,11,1962-11-10,70028,10,0.4789
1962,12,1962-11-17,64235,10,0.4789
1962,13,1962-11-24,42760,10,0.4789
1962,14,1962-12-01,38050,10,0.4789
1962,15,1962-12-08,13410,10,0.4789
1962,16,1962-12-15,12550,10,0.4789
1962,17,1962-12-22,8954,10,0.4789
1962,18,1962-12-29,8954,10,0.4789
1963,1,1963-09-01,14850,10,0.0575
1963,2,1963-09-08,19900,10,0.0575
1963,3,1963-09-15,22300,10,0.0575
1963,4,1963-09-22,37750,10,0.0575
1963,5,1963-09-29,20550,10,0.0575
1963,6,1963-10-06,26150,10,0.0575
1963,7,1963-10-13,21200,10,0.0575
1963,8,1963-10-20,51400,10,0.0575
1963,9,1963-10-27,44050,10,0.0575
1963,10,1963-11-03,84300,10,0.0575
1963,11,1963-11-10,88375,10,0.0575
1963,12,1963-11-17,21975,10,0.0575
1963,13,1963-11-24,15200,10,0.0575
1963,14,1963-12-01,149500,10,0.0575
1963,15,1963-12-08,49500,10,0.0575
1963,16,1963-12-15,39500,10,0.0575
1963,17,1963-12-22,11670,10,0.0575
1963,18,1963-12-29,20200,10,0.0575
1964,1,1964-09-01,5888,10,
1964,2,1964-09-08,9100,10,
1964,3,1964-09-15,10700,10,
1964,4,1964-09-22,26075,10,
1964,5,1964-09-29,31800,10,
1964,6,1964-10-06,35375,10,
1964,7,1964-10-13,37400,10,
1964,8,1964-10-20,46575,10,
1964,9,1964-10-27,62250,10,
1964,10,1964-11-03,73675,10,
1964,11,1964-11-10,76775,10,
1964,12,1964-11-17,80200,10,
1964,13,1964-11-24,56920,10,
1964,14,1964-12-01,39075,10,
1964,15,1964-12-08,42075,10,
1964,16,1964-12-15,29775,10,
1964,17,1964-12-22,29025,10,
1964,18,1964-12-29,20430,10,
1964,19,1965-01-05,5003540,10,
1964,20,1965-01-12,122,10,
1964,21,1965-01-19,855,10,
1965,1,1965-09-01,3545,10,0.0207
1965,2,1965-09-08,3995,10,0.0207
1965,3,1965-09-15,7100,10,0.0207
1965,4,1965-09-22,18620,10,0.0207
1965,5,1965-09-29,22395,10,0.0207
1965,6,1965-10-06,26695,10,0.0207
1965,7,1965-10-13,28200,10,0.0207
1965,8,1965-10-20,44580,10,0.0207
1965,9,1965-10-27,58810,10,0.0207
1965,10,1965-11-03,72735,10,0.0207
1965,11,1965-11-10,16775,10,0.0207
1965,12,1965-11-17,32020,10,0.0207
1965,13,1965-11-24,28525,10,0.0207
1965,14,1965-12-01,33025,10,0.0207
1965,15,1965-12-08,43355,10,0.0207
1965,16,1965-12-15,36305,10,0.0207
1965,17,1965-12-22,30305,10,0.0207
1965,18,1965-12-29,23955,10,0.0207
1966,1,1966-09-01,22251,10,0.0296
1966,2,1966-09-08,24351,10,0.0296
1966,3,1966-09-15,32301,10,0.0296
1966,4,1966-09-22,37751,10,0.0296
1966,5,1966-09-29,48906,10,0.0296
1966,6,1966-10-06,69056,10,0.0296
1966,7,1966-10-13,104451,10,0.0296
1966,8,1966-10-20,98700,10,0.0296
1966,9,1966-10-27,95450,10,0.0296
1966,10,1966-11-03,90070,10,0.0296
1966,11,1966-11-10,91168,10,0.0296
1966,12,1966-11-17,91400,10,0.0296
1966,13,1966-11-24,87065,10,0.0296
1966,14,1966-12-01,73660,10,0.0296
1966,15,1966-12-08,78750,10,0.0296
1966,16,1966-12-15,64460,10,0.0296
1966,17,1966-12-22,44853,10,0.0296
1966,18,1966-12-29,44805,10,0.0296
1967,1,1967-09-01,2147,10,0.0829
1967,2,1967-09-08,2457,10,0.0829
1967,3,1967-09-15,3255,10,0.0829
1967,4,1967-09-22,9365,10,0.0829
1967,5,1967-09-29,12801,10,0.0829
1967,6,1967-10-06,12101,10,0.0829
1967,7,1967-10-13,14601,10,0.0829
1967,8,1967-10-20,12050,10,0.0829
1967,9,1967-10-27,16800,10,0.0829
1967,10,1967-11-03,17125,10,0.0829
1967,11,1967-11-10,48500,10,0.0829
1967,12,1967-11-17,31530,10,0.0829
1967,13,1967-11-24,31200,10,0.0829
1967,14,1967-12-01,48100,10,0.0829
1967,15,1967-12-08,63060,10,0.0829
1967,16,1967-12-15,62200,10,0.0829
1967,17,1967-12-22,34750,10,0.0829
1967,18,1967-12-29,34750,10,0.0829
1968,1,1968-09-01,8300,10,0.0291
1968,2,1968-09-08,10050,10,0.0291
1968,3,1968-09-15,10050,10,0.0291
1968,4,1968-09-22,9650,10,0.0291
1968,5,1968-09-29,10030,10,0.0291
1968,6,1968-10-06,16675,10,0.0291
1968,7,1968-10-13,20700,10,0.0291
1968,8,1968-10-20,27050,10,0.0291
1968,9,1968-10-27,35050,10,0.0291
1968,10,1968-11-03,38925,10,0.0291
1968,11,1968-11-10,39610,10,0.0291
1968,12,1968-11-17,53310,10,0.0291
1968,13,1968-11-24,52010,10,0.0291
1968,14,1968-12-01,54710,10,0.0291
1968,15,1968-12-08,33000,10,0.0291
1968,16,1968-12-15,26400,10,0.0291
1968,17,1968-12-22,20100,10,0.0291
1968,18,1968-12-29,17600,10,0.0291
1969,1,1969-09-01,7585,10,0.2282
1969,2,1969-09-08,8950,10,0.2282
1969,3,1969-09-15,10061,10,0.2282
1969,4,1969-09-22,10250,10,0.2282
1969,5,1969-09-29,13350,10,0.2282
1969,6,1969-10-06,13010,10,0.2282
1969,7,1969-10-13,27311,10,0.2282
1969,8,1969-10-20,31540,10,0.2282
1969,9,1969-10-27,41531,10,0.2282
1969,10,1969-11-03,49421,10,0.2282
1969,11,1969-11-10,51633,10,0.2282
1969,12,1969-11-17,52347,10,0.2282
1969,13,1969-11-24,91466,10,0.2282
1969,14,1969-12-01,64287,10,0.2282
1969,15,1969-12-08,62905,10,0.2282
1969,16,1969-12-15,58806,10,0.2282
1969,17,1969-12-22,55102,10,0.2282
1969,18,1969-12-29,58107,10,0.2282
1970,1,1970-09-01,8531,10,
1970,2,1970-09-08,10011,10,
1970,3,1970-09-15,8411,10,
1970,4,1970-09-22,11405,10,
1970,5,1970-09-29,14646,10,
1970,6,1970-10-06,24355,10,
1970,7,1970-10-13,36526,10,
1970,8,1970-10-20,36475,10,
1970,9,1970-10-27,46245,10,
1970,10,1970-11-03,49290,10,
1971,1,1971-09-01,8950,10,0.0851
1971,2,1971-09-08,12900,10,0.0851
1971,3,1971-09-15,7900,10,0.0851
1971,4,1971-09-22,20350,10,0.0851
1971,5,1971-09-29,6174,10,0.0851
1971,6,1971-10-06,19140,10,0.0851
1971,7,1971-10-13,24020,10,0.0851
1971,8,1971-10-20,36730,10,0.0851
1971,9,1971-10-27,43430,10,0.0851
1971,10,1971-11-03,55320,10,0.0851
1971,11,1971-11-10,56320,10,0.0851
1971,12,1971-11-17,67000,10,0.0851
1971,13,1971-11-24,65400,10,0.0851
1971,14,1971-12-01,55920,10,0.0851
1971,15,1971-12-08,56660,10,0.0851
1971,16,1971-12-15,49450,10,0.0851
1971,17,1971-12-22,42350,10,0.0851
1971,18,1971-12-29,36250,10,0.0851
