# Parker River NWR (MA) weekly waterfowl counts, USFWS Form NR-1 census sheets.
# Source: National Archives RG-22, nara-media S3, PKR_<year>_* narrative reports.
# DUCKS ONLY, teal excluded to match the rest of the anchor cloud; geese, swans,
# coot and brant are on the form but are not counted here.
# Week 1 begins SEP 1 at this refuge -- read off the 1960 sheet (first column
# printed 9/1-7) and confirmed on 1968 (fourth column 9/22-28, eighteenth 12/29-31).
# This differs from Agassiz, where week 1 is the Sunday on or before Sep 1.
# median_err is the sheet's own per-species 'estimated waterfowl days use' column
# checked against sum(weekly counts)*7; n_cols is how many week columns OCR'd.
season,week,week_start,ducks_teal_excluded,n_cols,median_err
1954,1,1954-09-01,1733,7,
1954,2,1954-09-08,2035,7,
1954,3,1954-09-15,2809,7,
1954,4,1954-09-22,3039,7,
1954,5,1954-09-29,3064,7,
1954,6,1954-10-06,2828,7,
1954,7,1954-10-13,3924,7,
1954,11,1954-11-10,6400,7,
1954,12,1954-11-17,6406,7,
1954,13,1954-11-24,54,7,
1954,14,1954-12-01,6775,7,
1954,15,1954-12-08,2440,7,
1954,16,1954-12-15,3094,7,
1956,1,1956-09-01,700,6,
1956,2,1956-09-08,390,6,
1956,3,1956-09-15,420,6,
1956,4,1956-09-22,620,6,
1956,5,1956-09-29,1606,6,
1956,6,1956-10-06,2100,6,
1956,11,1956-11-10,462,6,
1957,1,1957-09-01,760,7,
1957,2,1957-09-08,830,7,
1957,3,1957-09-15,900,7,
1957,4,1957-09-22,1270,7,
1957,5,1957-09-29,1058,7,
1957,6,1957-10-06,1580,7,
1957,7,1957-10-13,3455,7,
1957,11,1957-11-10,90,7,
1961,1,1961-09-01,380,6,
1961,2,1961-09-08,560,6,
1961,3,1961-09-15,400,6,
1961,4,1961-09-22,2098,6,
1961,5,1961-09-29,1500,6,
1961,6,1961-10-06,1160,6,
1961,11,1961-11-10,1920,6,
1961,12,1961-11-17,2795,6,
1961,13,1961-11-24,1965,6,
1961,14,1961-12-01,4050,6,
1961,15,1961-12-08,4990,6,
1961,16,1961-12-15,4530,6,
1961,17,1961-12-22,4350,6,
1961,18,1961-12-29,4350,6,
1962,1,1962-09-01,550,7,266.4
1962,2,1962-09-08,710,7,266.4
1962,3,1962-09-15,270,7,266.4
1962,4,1962-09-22,2660,7,266.4
1962,5,1962-09-29,2218,7,266.4
1962,6,1962-10-06,620,7,266.4
1962,7,1962-10-13,14210,7,266.4
1962,11,1962-11-10,5600,7,266.4
1962,12,1962-11-17,2020,7,266.4
1962,13,1962-11-24,7610,7,266.4
1962,14,1962-12-01,3775,7,266.4
1962,15,1962-12-08,2445,7,266.4
1962,16,1962-12-15,6350,7,266.4
1962,17,1962-12-22,8850,7,266.4
1966,1,1966-09-01,930,10,0.0212
1966,2,1966-09-08,1055,10,0.0212
1966,3,1966-09-15,1430,10,0.0212
1966,4,1966-09-22,1850,10,0.0212
1966,5,1966-09-29,2220,10,0.0212
1966,6,1966-10-06,4313,10,0.0212
1966,7,1966-10-13,6393,10,0.0212
1966,8,1966-10-20,12583,10,0.0212
1966,9,1966-10-27,1383,10,0.0212
1966,10,1966-11-03,13283,10,0.0212
1966,11,1966-11-10,13185,10,0.0212
1966,12,1966-11-17,11285,10,0.0212
1966,13,1966-11-24,10865,10,0.0212
1966,14,1966-12-01,11090,10,0.0212
1966,15,1966-12-08,8580,10,0.0212
1966,16,1966-12-15,8570,10,0.0212
1966,17,1966-12-22,5430,10,0.0212
1966,18,1966-12-29,5320,10,0.0212
1968,1,1968-09-01,1490,10,0.0683
1968,2,1968-09-08,1970,10,0.0683
1968,3,1968-09-15,2200,10,0.0683
1968,4,1968-09-22,4160,10,0.0683
1968,5,1968-09-29,5800,10,0.0683
1968,6,1968-10-06,6900,10,0.0683
1968,7,1968-10-13,3525,10,0.0683
1968,8,1968-10-20,9060,10,0.0683
1968,9,1968-10-27,10825,10,0.0683
1968,10,1968-11-03,10825,10,0.0683
1968,11,1968-11-10,10550,10,0.0683
1968,12,1968-11-17,10575,10,0.0683
1968,13,1968-11-24,8375,10,0.0683
1968,14,1968-12-01,8850,10,0.0683
1968,15,1968-12-08,250,10,0.0683
1968,16,1968-12-15,7400,10,0.0683
1968,17,1968-12-22,10450,10,0.0683
1968,18,1968-12-29,6150,10,0.0683
1969,1,1969-09-01,155,10,0.13
1969,2,1969-09-08,3760,10,0.13
1969,3,1969-09-15,6690,10,0.13
1969,4,1969-09-22,8010,10,0.13
1969,5,1969-09-29,9790,10,0.13
1969,6,1969-10-06,10480,10,0.13
1969,7,1969-10-13,10380,10,0.13
1969,8,1969-10-20,10970,10,0.13
1969,9,1969-10-27,4200,10,0.13
1969,10,1969-11-03,9310,10,0.13
1969,11,1969-11-10,10040,10,0.13
1969,12,1969-11-17,10240,10,0.13
1969,13,1969-11-24,2680,10,0.13
1969,14,1969-12-01,8990,10,0.13
1969,15,1969-12-08,10780,10,0.13
1969,16,1969-12-15,5380,10,0.13
1969,17,1969-12-22,4160,10,0.13
1969,18,1969-12-29,3130,10,0.13
1970,1,1970-09-01,2225,10,0.1485
1970,2,1970-09-08,2980,10,0.1485
1970,3,1970-09-15,4095,10,0.1485
1970,4,1970-09-22,5545,10,0.1485
1970,5,1970-09-29,6160,10,0.1485
1970,6,1970-10-06,8085,10,0.1485
1970,7,1970-10-13,8125,10,0.1485
1970,8,1970-10-20,10120,10,0.1485
1970,9,1970-10-27,9920,10,0.1485
1970,10,1970-11-03,10830,10,0.1485
1970,11,1970-11-10,10490,10,0.1485
1970,12,1970-11-17,10280,10,0.1485
1970,13,1970-11-24,9790,10,0.1485
1970,14,1970-12-01,9570,10,0.1485
1970,15,1970-12-08,9700,10,0.1485
1970,16,1970-12-15,6400,10,0.1485
1970,17,1970-12-22,3100,10,0.1485
1970,18,1970-12-29,2120,10,0.1485
1971,1,1971-09-01,1475,10,0.0298
1971,2,1971-09-08,785,10,0.0298
1971,3,1971-09-15,1341,10,0.0298
1971,4,1971-09-22,2230,10,0.0298
1971,5,1971-09-29,5100,10,0.0298
1971,6,1971-10-06,2440,10,0.0298
1971,7,1971-10-13,7410,10,0.0298
1971,8,1971-10-20,10345,10,0.0298
1971,9,1971-10-27,12255,10,0.0298
1971,10,1971-11-03,11950,10,0.0298
1971,11,1971-11-10,10209,10,0.0298
1971,12,1971-11-17,8775,10,0.0298
1971,13,1971-11-24,8810,10,0.0298
1971,14,1971-12-01,1690,10,0.0298
1971,15,1971-12-08,7670,10,0.0298
1971,16,1971-12-15,6430,10,0.0298
1971,17,1971-12-22,5320,10,0.0298
1971,18,1971-12-29,3110,10,0.0298
