# Summer Lake Wildlife Area (OR) weekly waterfowl counts, Oregon Dept of Fish & Wildlife.
# Source: myodfw.com/summer-lake-weekly-waterfowl-counts ->
#   dfw.state.or.us/.../summer_lake/2024/'2024-25 SLWA Waterfowl Survey Summary to date.pdf'
# ONE PDF holds ELEVEN SEASONS (2014-2024) of weekly duck counts with explicit date
# ranges. ODFW has run weekly fall migration counts here since 1990.
# DUCKS table only; geese, swans and coots are separate tables in the same PDF.
# Teal are not broken out, so teal are INCLUDED here (as for Kentucky and Arkansas).
# Blank cells are real gaps -- columns were read by x-position (pypdf layout mode),
# not by splitting on whitespace, which would misalign rows with missing years.
season,week_start,week_end,ducks
2014,9/1,9/7,18098
2015,9/1,9/7,31156
2016,9/1,9/7,35017
2017,9/1,9/7,30712
2018,9/1,9/7,32368
2019,9/1,9/7,58619
2014,9/8,9/14,24839
2015,9/8,9/14,17828
2016,9/8,9/14,24985
2017,9/8,9/14,12391
2018,9/8,9/14,21817
2019,9/8,9/14,34466
2014,9/15,9/21,34691
2015,9/15,9/21,35494
2016,9/15,9/21,37915
2017,9/15,9/21,25009
2018,9/15,9/21,27134
2019,9/15,9/21,35799
2021,9/15,9/21,31781
2022,9/15,9/21,40734
2023,9/15,9/21,35881
2014,9/22,9/28,47582
2015,9/22,9/28,29443
2016,9/22,9/28,49146
2017,9/22,9/28,33955
2018,9/22,9/28,18553
2019,9/22,9/28,28014
2020,9/22,9/28,51099
2021,9/22,9/28,45566
2022,9/22,9/28,34263
2023,9/22,9/28,48361
2024,9/22,9/28,52421
2014,9/29,10/5,31447
2015,9/29,10/5,25743
2016,9/29,10/5,63646
2017,9/29,10/5,40837
2018,9/29,10/5,39346
2019,9/29,10/5,46067
2020,9/29,10/5,70752
2021,9/29,10/5,34544
2022,9/29,10/5,42604
2023,9/29,10/5,58977
2024,9/29,10/5,61335
2014,10/6,10/12,42968
2015,10/6,10/12,63086
2016,10/6,10/12,51879
2017,10/6,10/12,42785
2018,10/6,10/12,42368
2019,10/6,10/12,39728
2020,10/6,10/12,59687
2021,10/6,10/12,60839
2022,10/6,10/12,36057
2023,10/6,10/12,97073
2024,10/6,10/12,50856
2014,10/13,10/19,51651
2015,10/13,10/19,54178
2016,10/13,10/19,36639
2017,10/13,10/19,41945
2018,10/13,10/19,35765
2019,10/13,10/19,37301
2020,10/13,10/19,52972
2021,10/13,10/19,34542
2022,10/13,10/19,56334
2023,10/13,10/19,56123
2024,10/13,10/19,48674
2014,10/20,10/26,54909
2015,10/20,10/26,50211
2016,10/20,10/26,58518
2017,10/20,10/26,43641
2018,10/20,10/26,32917
2019,10/20,10/26,31061
2020,10/20,10/26,68071
2021,10/20,10/26,62276
2022,10/20,10/26,29612
2023,10/20,10/26,59463
2024,10/20,10/26,44323
2014,10/27,11/2,49842
2015,10/27,11/2,91728
2016,10/27,11/2,32355
2017,10/27,11/2,28594
2018,10/27,11/2,34707
2019,10/27,11/2,27937
2020,10/27,11/2,66646
2021,10/27,11/2,59734
2022,10/27,11/2,39657
2023,10/27,11/2,45578
2024,10/27,11/2,34236
2014,11/3,11/9,44415
2015,11/3,11/9,65718
2016,11/3,11/9,27165
2017,11/3,11/9,24177
2018,11/3,11/9,29679
2019,11/3,11/9,23719
2020,11/3,11/9,32315
2021,11/3,11/9,52771
2022,11/3,11/9,60078
2023,11/3,11/9,55478
2024,11/3,11/9,28539
2014,11/10,11/16,31322
2015,11/10,11/16,39040
2016,11/10,11/16,23975
2017,11/10,11/16,29234
2018,11/10,11/16,25255
2019,11/10,11/16,23845
2020,11/10,11/16,43659
2021,11/10,11/16,42329
2022,11/10,11/16,29059
2023,11/10,11/16,51476
2024,11/10,11/16,26334
2014,11/17,11/23,36398
2015,11/17,11/23,28384
2018,11/17,11/23,23840
2019,11/17,11/23,20777
2020,11/17,11/23,29020
2021,11/17,11/23,30623
2022,11/17,11/23,9525
2023,11/17,11/23,41664
2024,11/17,11/23,22493
2014,11/24,11/30,35885
2015,11/24,11/30,6964
2016,11/24,11/30,15789
2017,11/24,11/30,18902
2018,11/24,11/30,23312
2020,11/24,11/30,32151
2021,11/24,11/30,13432
2022,11/24,11/30,5340
2023,11/24,11/30,24489
2024,11/24,11/30,21464
2014,12/1,12/7,30322
2015,12/1,12/7,11342
2016,12/1,12/7,8889
2017,12/1,12/7,15645
2018,12/1,12/7,11515
2019,12/1,12/7,10766
2020,12/1,12/7,22219
2021,12/1,12/7,9723
2023,12/1,12/7,8490
2024,12/1,12/7,15689
2014,12/8,12/14,23378
2015,12/8,12/14,5721
2016,12/8,12/14,11418
2017,12/8,12/14,6431
2018,12/8,12/14,5889
2019,12/8,12/14,8628
2020,12/8,12/14,18052
2021,12/8,12/14,9349
2022,12/8,12/14,2817
2023,12/8,12/14,16998
2024,12/8,12/14,14754
2014,12/15,12/21,16542
2015,12/15,12/21,6089
2016,12/15,12/21,3766
2017,12/15,12/21,2854
2018,12/15,12/21,6424
2019,12/15,12/21,5146
2020,12/15,12/21,12331
2021,12/15,12/21,8569
2022,12/15,12/21,3768
2023,12/15,12/21,10944
2024,12/15,12/21,8870
2014,12/22,12/28,18125
2015,12/22,12/28,5413
2016,12/22,12/28,4267
2017,12/22,12/28,3889
2018,12/22,12/28,6155
2019,12/22,12/28,8720
2020,12/22,12/28,11480
2021,12/22,12/28,5250
2022,12/22,12/28,4969
2023,12/22,12/28,10881
2024,12/22,12/28,10471
2014,12/29,1/4,4220
2015,12/29,1/4,5784
2016,12/29,1/4,2982
2017,12/29,1/4,4056
2018,12/29,1/4,5802
2019,12/29,1/4,8344
2020,12/29,1/4,7580
2021,12/29,1/4,5181
2022,12/29,1/4,3773
2023,12/29,1/4,13121
2024,12/29,1/4,9540
2014,1/5,1/11,4336
2015,1/5,1/11,3896
2016,1/5,1/11,3179
2017,1/5,1/11,5838
2018,1/5,1/11,4389
2019,1/5,1/11,7797
2020,1/5,1/11,7943
2021,1/5,1/11,3963
2022,1/5,1/11,5561
2024,1/5,1/11,3548
2014,1/12,1/18,4478
2015,1/12,1/18,2507
2016,1/12,1/18,3241
2017,1/12,1/18,5074
2018,1/12,1/18,5289
2020,1/12,1/18,4850
2021,1/12,1/18,4506
2022,1/12,1/18,4954
2023,1/12,1/18,5634
2024,1/12,1/18,7238
2014,1/19,1/25,4826
2015,1/19,1/25,2655
2016,1/19,1/25,2145
2017,1/19,1/25,5077
2018,1/19,1/25,6258
2020,1/19,1/25,8330
2021,1/19,1/25,4853
2023,1/19,1/25,6725
2024,1/19,1/25,7196
2014,1/26,2/1,5191
2015,1/26,2/1,11887
2016,1/26,2/1,3136
2021,1/26,2/1,3480
